{"Cam07_ID00600_EMAP-999.jpg": {"intrinsics": [[2985.29, 0.0, 512.0], [0.0, 2985.29, 512.0], [0.0, 0.0, 1.0]], "pose": [[0.9997451305389404, -0.003435158636420965, 0.022314362227916718, -0.061387933790683746], [-0.0035576592199504375, -0.9999788403511047, 0.005452393554151058, -0.005173451267182827], [0.022295158356428146, -0.005530390422791243, -0.9997361898422241, 2.8347041606903076], [0.0, 0.0, 0.0, 1.0]]}}